date,signal_pct_from_sma,mode,allocation_SMH,allocation_VGT,allocation_TECL,spy_ret,smh_ret,vgt_ret,tecl_ret,strategy_ret,strategy_equity,spy_equity
2025-02-19,7.967025752448966,A,25,75,0,,,,,0.0,1.0,1.0
2025-02-20,7.41817829016687,A,25,75,0,-0.0041602634378903,0.0017874561641424,-0.0033402216465433,-0.0094434987313232,-0.002058302193871875,0.9979416978061282,0.9958397365621097
2025-02-21,5.498591821519532,A,25,75,0,-0.0171040827814761,-0.0302947163329171,-0.0270767251373812,-0.0825217973324586,-0.027881222936265174,0.9701178628522006,0.978806811270868
2025-02-24,4.9441210136391005,A,50,50,0,-0.0045502735716906,-0.0262811169736461,-0.0145800825308841,-0.0435755129008239,-0.0175053411415746,0.9531356187154375,0.9743529725057515
2025-02-25,4.351525856291631,A,50,50,0,-0.0049733633143147,-0.021239004160649,-0.0147795407950193,-0.0387850999063869,-0.01800927247783415,0.9359703396496621,0.9695071611770979
2025-02-26,4.333346996394014,A,50,50,0,0.0005047508475208,0.0233788557502552,0.0074591997150992,0.0319642160222362,0.015419027732677199,0.9504020922736836,0.9699965207383796
2025-02-27,2.6095749167127416,A,50,50,0,-0.0159617224441862,-0.0616439190323415,-0.0352187335652863,-0.1072900065135412,-0.0484313262988139,0.9043728584277014,0.9545137055025273
2025-02-28,4.143870813586188,A,50,50,0,0.0156053951574228,0.0173959205136386,0.0161468315533321,0.0333772005214121,0.01677137603348535,0.9195404357108704,0.9694092690600703
2025-03-03,2.262945719714557,A,50,50,0,-0.0175198744873432,-0.0419297852802187,-0.0336184367929394,-0.0864292865305673,-0.03777411103657905,0.8848056131897037,0.9524253403392708
2025-03-04,1.0050844149859846,A,50,50,0,-0.0118368934526847,0.0099546680239903,-0.0002766524145219,-0.0058690822642876,0.0048390078047342,0.8890871944576014,0.9411515830640379
2025-03-05,2.0430750674751037,A,50,50,0,0.0107478082105321,0.0185143806075018,0.0150812513202212,0.0417487266534009,0.016797815963861498,0.9040219175259262,0.9512668997758489
2025-03-06,0.1931001066593184,A,50,50,0,-0.0177509966802106,-0.0419354410390701,-0.0307707526848437,-0.0824450556194851,-0.036353096861956896,0.8711579211927742,0.9343809641959335
2025-03-07,0.7137299519549793,A,50,50,0,0.0056048623911137,0.0241605457494671,0.0123229086276435,0.0405882423163568,0.018241727188555303,0.8870493463293219,0.939618040921128
2025-03-10,-1.9949926787710484,A,50,50,0,-0.0266356605216325,-0.0469146061333873,-0.0448017315074262,-0.1256360137167966,-0.04585816882040675,0.8463708876533204,0.9145906937631515
2025-03-11,-2.8305576745191687,A,50,50,0,-0.0083128479772103,-0.0014450093772567,-0.0030906758549372,-0.0139001771015905,-0.00226784261609695,0.8444514516852764,0.9069878403645271
2025-03-12,-2.339709771005344,A,50,50,0,0.0053064410979022,0.0294090852871833,0.0147529738131189,0.0473693243935264,0.0220810295501511,0.8630978091436069,0.911800717915935
2025-03-13,-3.66299981621682,A,50,50,0,-0.013330418660348,-0.0043987125854696,-0.0180067291269947,-0.0560250311513682,-0.011202720856232149,0.8534287653161455,0.8996460326113097
2025-03-14,-1.701736922410134,A,50,50,0,0.0206557163876768,0.031974518323147,0.0303236015066779,0.0855437559498937,0.03114905991491245,0.8800122690600879,0.9182288659102276
2025-03-17,-0.9760143419156128,A,50,50,0,0.0077113259783998,0.0105486037329134,0.0059322318438908,0.0218388188811999,0.0082404177884021,0.8872639378160627,0.9253096280180377
2025-03-18,-2.07616093148418,A,50,50,0,-0.0108082282982204,-0.0154612290018476,-0.0141959627183129,-0.0448364559525384,-0.01482859586008025,0.874107059460965,0.9153086703118775
2025-03-19,-1.0481337368328003,A,50,50,0,0.0108906725390112,0.0088279589605697,0.0135586561189566,0.0405258359368796,0.01119330753976315,0.8838912086001897,0.9252769973123619
2025-03-20,-1.367081592275988,A,50,50,0,-0.0028916928112745,-0.0015830589005602,-0.0056017128781586,-0.0239098064815794,-0.0035923858893594,0.8807159302946855,0.9226013804707961
2025-03-21,-1.6614862861542563,A,50,50,0,0.0003298107530131,-0.0100418018534977,0.0033763837899984,0.0075489076456634,-0.0033327090317496503,0.8777807603593867,0.9229056643268202
2025-03-24,0.0597516394243905,A,50,50,0,0.01790855519805,0.0260710471769718,0.0190927723658587,0.0558103874439914,0.02258190977141525,0.8976027262889067,0.9394335713590101
2025-03-25,0.264638991396747,A,50,50,0,0.0024038818271738,-0.0042492266395569,0.0042094996195194,0.0098632207424673,-1.9863510018749628e-05,0.8975848967481602,0.941691858649037
2025-03-26,-0.9616215744044996,A,50,50,0,-0.0119382329844617,-0.033268022589426,-0.0240520688940936,-0.0663117719557245,-0.0286600457417598,0.8718600725502451,0.930449721840914
2025-03-27,-1.2530788741749794,A,50,50,0,-0.0026557518090273,-0.0191883010221299,-0.0105824839385838,-0.0274225598186026,-0.014885392480356849,0.8588820931823824,0.927978678308926
2025-03-28,-3.258522669547865,A,50,50,0,-0.0201382839353789,-0.0256257504640382,-0.0251238039943982,-0.0744495893992771,-0.0253747772292182,0.8370881514017148,0.9092907801991632
2025-03-31,-2.6281360736931214,A,50,50,0,0.0067126605962857,-0.003299248624315,-0.0015832079532531,0.0022249297792644,-0.00244122828878405,0.835044628126307,0.915394540589972
2025-04-01,-2.3697792777357805,A,50,50,0,0.0028244690642666,0.0048234252862715,0.0084074384447729,0.0201502712553878,0.0066154318655222005,0.840568808968347,0.9179800441514671
2025-04-02,-1.7708001043355508,A,50,50,0,0.0063284348170113,0.0075297416583757,0.008227511101682,0.0209239945135604,0.00787862638002885,0.8471913365609144,0.9237894210241968
2025-04-03,-6.606674966121331,A,75,25,0,-0.0492808064503782,-0.0865056180417929,-0.0724284664155002,-0.2000328472986697,-0.07946704222864655,0.7798675468426847,0.8782643333657963
2025-04-04,-12.042193115084071,B,100,0,0,-0.0585429589677871,-0.0755228936977107,-0.0643206051927592,-0.1996310528746692,-0.07272232157147282,0.7231537683180352,0.8268481405346917
2025-04-07,-12.165139457153328,B,100,0,0,-0.0017811932094612,0.0226769816919081,0.0028416264267288,0.0130602290234462,0.0226769816919081,0.7395527130826177,0.8253753642415157
2025-04-08,-13.502828616562116,B,100,0,0,-0.0156627146767479,-0.026771234943524,-0.0199808698283067,-0.0563699985874809,-0.026771234943524,0.7197539736475624,0.812447745410184
2025-04-09,-4.422377961483528,B,50,50,0,0.1050192812545172,0.1716033033641213,0.1348089619348236,0.3884273994021554,0.1716033033641213,0.8432661331349369,0.8977704236900146
2025-04-10,-8.596034627559646,B,50,50,0,-0.0438191066509713,-0.0693449501150565,-0.044981216820239,-0.1346710880807549,-0.05716308346764774,0.795062440781104,0.8584309257462541
2025-04-11,-6.956302861860636,B,50,50,0,0.0178429429834785,0.0259924929783541,0.0203425586055818,0.0579711091131747,0.02316752579196795,0.8134820703841251,0.8737478598095992
2025-04-14,-6.048413181289115,B,50,50,0,0.0097013201407898,0.0014902531362224,0.0070557728010989,0.0257112303021944,0.00427301296866065,0.8169580898206493,0.8822243675199422
2025-04-15,-6.30440843737428,B,50,50,0,-0.0028008096342629,0.0064977047810279,0.0037800427504555,0.011711546472126,0.0051388737657417005,0.8211563343161391,0.8797534250118109
2025-04-16,-8.37225782088023,B,50,50,0,-0.022228032722071,-0.0422333664270153,-0.0343103892088655,-0.1031681130301893,-0.0382718778179404,0.789729139419764,0.8601982370932943
2025-04-17,-8.226384137596702,B,50,50,0,0.0014268092873082,-0.0093645847386393,-0.0043721762437384,-0.0185689693788688,-0.00686838049118885,0.7843049792052499,0.8614255759269052
2025-04-21,-10.38339924363546,B,100,0,0,-0.0238027023020652,-0.0244118002239852,-0.0272585670726273,-0.0784493966502936,-0.02583518364830625,0.7640423160312012,0.840921319387732
2025-04-22,-8.032363508358593,B,50,50,0,0.026017638781894,0.0216685193420202,0.0246060380706201,0.0696043342563121,0.0216685193420202,0.7805979817342453,0.8628001065195556
2025-04-23,-6.5916246781817485,B,50,50,0,0.0154954746516562,0.0365294986251876,0.0298303014089367,0.0884832456787954,0.03317990001706215,0.806498144721708,0.8761696036995757
2025-04-24,-4.618331063231281,B,50,50,0,0.0210490196010606,0.0505756298608808,0.0376002158540753,0.1129031044905612,0.04408792285747805,0.8420549727108978,0.8946121148617017
2025-04-25,-3.924826191224591,B,50,50,0,0.0072252647916188,0.0143561175300457,0.0151562124463311,0.0423189070488052,0.0147561649881884,0.8544804748173443,0.9010759242773676
2025-04-28,-3.879412733308156,B,50,50,0,0.0003813020933944,-0.0062273555221386,-0.0019027892921614,-0.0038932649614974,-0.00406507240715,0.8510069498167159,0.9014195064136019
2025-04-29,-3.2720865545012767,B,50,50,0,0.0062995652280137,-0.0017090123151339,0.004839529955779,0.0135865476231205,0.0015652588203225498,0.8523389959510723,0.9070980573920584
2025-04-30,-3.229100491594508,B,50,50,0,0.0003968126687818,0.0047078296053917,0.0023715997574276,0.0132206478922483,0.00353971468140965,0.8553560328085782,0.907458005393059
2025-05-01,-2.5406885708779603,B,50,50,0,0.0070868036030948,0.0048277628238355,0.0176541035811683,0.0425879571148744,0.011240933202501899,0.8649710328377364,0.9138889820553359
2025-05-02,-1.0956229275401097,B,50,50,0,0.0148441307681652,0.0317004124328998,0.0150048109278497,0.0474534771460586,0.02335261168037475,0.8851703654823687,0.9274548696125507
2025-05-05,-1.66841215998869,B,50,50,0,-0.0057341861650381,-0.0064831684862092,-0.0067659853627041,-0.0159309784480422,-0.00662457692445665,0.8793064863049814,0.9221366707305213
2025-05-06,-2.495526822667304,B,50,50,0,-0.0083584303526218,-0.0092826564383851,-0.008462001948855,-0.0249578958868514,-0.008872329193620049,0.8715049896963983,0.9144290555926217
2025-05-07,-2.095857804354168,B,50,50,0,0.0042055478497484,0.0205482695553216,0.0099833840570515,0.0309582693586072,0.01526582680618655,0.8848092339298309,0.9182747307411168
2025-05-08,-1.4226346931764429,B,50,50,0,0.0069677905123632,0.0087719206709269,0.0118155581106791,0.0263377885064162,0.010293739390803,0.8939172295944806,0.9246730766977177
2025-05-09,-1.5573047160531592,B,50,50,0,-0.0012742246627532,0.0065329733021299,3.4985308853263675e-05,-0.0006537757293322,0.003283979305491582,0.8968528352772912,0.9234948354584056
2025-05-12,1.6589421264844912,B,0,50,50,0.0330474019494266,0.0627126750911439,0.0472514796604568,0.1364082335842167,0.054982077375800346,0.9461636672612131,0.9540139404840192
2025-05-13,2.28710196815914,B,0,50,50,0.0066039410164842,0.0343287597628956,0.0222336944453525,0.0634714429957417,0.0428525687205471,0.986709210833409,0.9603141922758793
2025-05-14,2.3793277680228204,B,0,50,50,0.0012780596636838,0.0098957807406299,0.007097467354036,0.0196237335025921,0.013360600428314051,0.9998922383382912,0.9615415311094903
2025-05-15,2.8384411972779326,B,0,50,50,0.0048844474632969,-0.0034678736557329,-0.0004546805068175,0.0037165694978522,0.0016309444955173499,1.0015230070805197,0.9662381302019727
2025-05-16,3.4428002336308703,B,0,50,50,0.0063338684744713,-0.0028729678843365,0.0018844763423233,0.0055540502908519,0.0037192633165876003,1.005247934861473,0.9723581554336911
2025-05-19,3.516268760797689,B,0,50,50,0.001093918100038,-0.0016638625052153,-0.0026429854533921,-0.0051288771034487,-0.0038859312784204,1.001341610468827,0.9734218356196396
2025-05-20,3.1235066682337087,B,0,50,50,-0.0033622318319923,-0.0019105304090838,-0.0035118263410395,-0.0111038034072106,-0.007307814874125049,0.9940239913537627,0.9701489657379629
2025-05-21,1.3417596154181208,B,0,50,50,-0.0168506910272413,-0.0165756408900177,-0.0191542453496755,-0.056142193881889,-0.03764821961578225,0.9566007578239198,0.9538012852659148
2025-05-22,1.3238756787308876,B,0,50,50,0.0003947529944614,-0.002733284778228,0.0016801230472445,-0.0001415727197087,0.0007692751637679,0.9573366470285553,0.9541778011793947
2025-05-23,0.5824835813966195,B,50,0,50,-0.0068259920462243,-0.0139944205629396,-0.0117902996235886,-0.0318696627649737,-0.021829981194281152,0.9364380060273257,0.9476645910978604
2025-05-27,2.6090584149883083,B,0,50,50,0.0207906699378142,0.0317132544971994,0.0245677291017218,0.0680320673115084,0.049872660904353903,0.9831406611598758,0.9673671728231297
2025-05-28,1.9649114261176213,B,0,50,50,-0.0057853106495018,-0.0106543425077637,-0.0045267943154232,-0.0121915754695937,-0.008359184892508451,0.9749224065978974,0.9617706532162176
2025-05-29,2.3167648276766157,B,0,50,50,0.0039472773407962,0.0070968639960147,0.0035916894261185,0.0049922914390982,0.00429199043260835,0.9791067642395511,0.9655670287227007
2025-05-30,2.1526187056067214,B,0,50,50,-0.0011184568183596,-0.0177401079917182,-0.0045310044135682,-0.0106252413794496,-0.0075781228965089,0.9716869728513406,0.9644870836958426
2025-06-02,2.682951232334549,B,0,50,50,0.0056329017268239,0.0148071470794202,0.0090868793206018,0.0256625622131401,0.01737472076687095,0.9885697626774387,0.9699199446550922
2025-06-03,3.2217155160668165,B,0,50,50,0.0057025903821517,0.0225646976062141,0.0159345032520468,0.0447376011969991,0.03033605222452295,1.0185590666256057,0.9754510008029394
2025-06-04,3.1557230222851262,B,0,50,50,-0.0002683402981673,0.0118975952258273,0.00270243193236,0.0049460281707318,0.0038242300515459,1.0224542708174698,0.9751892479905364
2025-06-05,2.6227840635583,B,0,50,50,-0.0048328721496471,-0.0017875046131602,-0.0044759172365395,-0.0102319941680151,-0.007353955702277299,1.0149351874022738,0.9704762830332876
2025-06-06,3.641169632658905,B,0,50,50,0.0102690839561554,0.0056904235627608,0.0095080295339542,0.0283957398939667,0.01895188471396045,1.0341701220660635,0.9804421854612141
2025-06-09,3.697821861002238,B,0,50,50,0.000901282795277,0.0167371466833854,0.0043421425117906,0.0146329886926717,0.00948756560223115,1.0439818789430326,0.9813258411347341
2025-06-10,4.247489990068604,B,0,50,50,0.0056696640852198,0.0198864753240013,0.0041804396500968,0.0160520800320129,0.01011625984105485,1.0545430708997732,0.9868896290121139
2025-06-11,3.9096284539592254,B,0,50,50,-0.0028521190306726,-0.000725042962913,-0.0039571500369663,-0.0064180986164494,-0.00518762432670785,1.0490724976116124,0.9840749023200349
2025-06-12,4.285102970601291,B,0,50,50,0.0039744318225565,0.004849517777727,0.0071828265978302,0.0272050095362577,0.01719391806704395,1.0671101641819356,0.9879860409275949
2025-06-13,3.0869446018329536,B,0,50,50,-0.0111801655055916,-0.0234087325827571,-0.0165669643535014,-0.0435361807855453,-0.03005157256952335,1.0350418256433462,0.9769401934728101
2025-06-16,4.0308040679308,B,0,50,50,0.0095141964787153,0.0248649005363477,0.0169422334099142,0.0495638812445538,0.033253057327234,1.0694601308075493,0.9862349944214646
2025-06-17,3.1069398389881537,B,0,50,50,-0.008545134970438,-0.0067962897207178,-0.0073519008729772,-0.0234912307054796,-0.0154215657892284,1.0529673810413438,0.977807483281564
2025-06-18,3.056648403867791,B,0,50,50,-0.0001506357697342,0.0038227344686929,0.0031787991467346,0.0051814142189317,0.00418010668283315,1.05736889702764,0.977660190498668
2025-06-20,2.48451450515239,B,0,50,50,-0.002348536060589,-0.0088350728118837,-0.004293498512265,-0.0152185451605493,-0.00975602183640715,1.0470531829791008,0.9753641202862796
2025-06-23,3.4539239393526184,B,0,50,50,0.0098774805044956,0.0063396310922796,0.0106129082786223,0.0350200780577958,0.02281649316820905,1.070943264775295,0.9849982603691919
2025-06-24,4.54649718229884,B,0,50,50,0.0110473115555598,0.0367287316975792,0.017995715030207,0.0535907697108193,0.03579324237051315,1.1092757966164657,0.9958798430331748
2025-06-25,4.5532723963899935,B,0,50,50,0.000560263131947,0.0134786930924615,0.0084135139531911,0.0253179641888596,0.01686573907102535,1.1279845527600028,0.9964377977930754
2025-06-26,5.306437031202395,B,0,50,50,0.0078237798744873,0.0072674740352407,0.0086179244254216,0.0213407591282699,0.01497934177684575,1.1448810188947973,1.0042337077816275
2025-06-27,5.76728931652297,B,0,50,50,0.0049684323619594,0.004401159389048,-0.0005936421844802,-0.0052511187121568,-0.0029223804483185,1.1415352409895283,1.0092231750343401
2025-06-30,6.209901587059493,B,0,50,50,0.0047812055897382,0.0016521225420609,0.0102660656522339,0.029143372008467,0.01970471883035045,1.1640288719481633,1.0140484785201076
2025-07-01,6.117857643578601,B,0,50,50,-0.0003236793082248,-0.010900776762397,-0.0103124960765821,-0.0262877117615685,-0.0183001039190753,1.1427270226267079,1.0137202520100739
2025-07-02,6.542761102120928,B,0,50,50,0.0045332765158159,0.0196128219746174,0.0126896765812403,0.0314968321862381,0.0220932543837392,1.1679735814287726,1.018315726222118
2025-07-03,7.324110058590644,B,0,50,50,0.0078813859548749,0.0084267473800021,0.0139146013185376,0.0372380468271404,0.025576324072839,1.1978460522559093,1.0263414654843934
2025-07-07,6.471484703766402,B,0,50,50,-0.0074520170832973,-0.0136097448933774,-0.0088128482078876,-0.0244127407153398,-0.0166127944616137,1.1779464819931265,1.0186931513503072
2025-07-08,6.360921914569634,B,0,50,50,-0.0005477162177452,0.0132971284881724,0.0047149691012065,0.0150352372643605,0.0098751031827835,1.1895788250466055,1.0181351965904066
2025-07-09,6.941286875485638,B,0,50,50,0.0059966267672113,0.0068435450887496,0.0083726608081242,0.0178164865075671,0.01309457365784565,1.2051558525929917,1.0242405733629207
2025-07-10,7.192521226301485,B,0,50,50,0.0028203102183428,0.0073574332406083,-0.0033537153805465,-0.010380684557367,-0.006867199968956749,1.196879806359477,1.0271292495180175
2025-07-11,6.765068097183717,B,0,50,50,-0.0035154238705955,-0.0001043415674445,-0.0063001177187452,-0.0135746292943031,-0.00993737350652415,1.1849859646812666,1.0235184548360752
2025-07-14,6.918333121570128,B,0,50,50,0.0019082159291465,-0.0075479834952748,4.457626922027558e-05,-0.0022935867126439,-0.0011245052217118121,1.1836534417763274,1.025471549055369
2025-07-15,6.415152426312375,B,0,50,50,-0.0042732651441966,0.0192064366577917,0.0084881125047577,0.0245559859963999,0.016522049250578798,1.2032098222369731,1.0210894372284254
2025-07-16,6.721471452217948,B,0,50,50,0.0033431911185151,-0.0052269749086676,0.004437482479987,0.0097908542447917,0.00711416836238935,1.2117696594876477,1.024503134366177
2025-07-17,7.323431215624751,B,0,50,50,0.0061196899775175,0.0084001404062319,0.0101170980291234,0.0274720546636644,0.0187945763463939,1.2345443568671322,1.0307727759294931
2025-07-18,7.193439305575961,B,0,50,50,-0.0007325109099923,-0.0047991930404355,-0.0005685522324891,-0.0030473985086523,-0.0018079753705707,1.2323123310760393,1.0300177236254018
2025-07-21,7.346265957740772,B,0,50,50,0.0018962734313692,0.000688890130829,0.0014002612415691,0.0056201893824687,0.0035102253120189,1.2366380250128954,1.031970918868552
2025-07-22,7.306446047490371,B,0,50,50,0.0001431211632245,-0.0176930154080605,-0.0097597588892421,-0.031375593788417,-0.020567676338829548,1.2112032543661408,1.0321186157468745
2025-07-23,8.159052776865137,B,0,50,50,0.0085075411221149,0.0043452058239017,0.0079436866647017,0.0190302640928405,0.0134869753787711,1.2275387228364645,1.0408994073132414
2025-07-24,8.133450538467335,B,0,50,50,0.0003309554684374,0.0041519875452122,0.0028313128925583,0.011423502704001,0.00712740779827965,1.2362878919022995,1.041243898664185
2025-07-25,8.530934558423851,B,0,50,50,0.004224350050175,-0.0010771826297359,0.0022703824255041,0.0076605339573945,0.0049654581914493,1.2424266277421354,1.0456424773797515
2025-07-28,8.439822113250534,B,0,50,50,-0.000251003555304,0.0136353520564354,0.0079134902220749,0.0230994279000564,0.01550645906106565,1.2616922653815967,1.0453800174003522
2025-07-29,8.09666731185465,B,0,50,50,-0.002637648602082,0.0051129793851503,-0.0017431487400477,-0.0008574156832706,-0.0013002822116591499,1.2600517093723331,1.0426226722588117
2025-07-30,7.90791556649719,B,0,50,50,-0.0012593310110431,0.0114716018802307,0.0021935876442269,0.0063883234457395,0.0042909555449832,1.2654585352416299,1.0413096651948195
2025-07-31,7.452003205705703,B,0,50,50,-0.0037512265266995,-0.0252481598225204,-0.0057312802733689,-0.0234960269538144,-0.014613653613591649,1.2469655625452456,1.0374034767562321
2025-08-01,5.652978304437233,B,0,50,50,-0.0163903695197614,-0.0167254825677725,-0.0232737377137686,-0.0628698909622691,-0.04307181433801885,1.1932564933493934,1.0204000504311124
2025-08-04,7.216201027504211,B,0,50,50,0.0151997136799502,0.0219756928168188,0.0227310716116826,0.0580805581817023,0.040405814896692455,1.2414709943439453,1.035909839036672
2025-08-05,6.62897510628769,B,0,50,50,-0.005069869050569,-0.0106481916144923,-0.0089599417064033,-0.0205479511873318,-0.01475394644686755,1.2231543977780552,1.03065791180456
2025-08-06,7.399691817510713,B,0,50,50,0.0076595814753868,-0.0016719071929435,0.0121424139227446,0.0314685813523072,0.0218054976375259,1.249825888109134,1.0385523200532791
2025-08-07,7.2643086247899324,B,0,50,50,-0.0008376240775045,0.0157001659006768,0.001951414738071,0.0011622391190087,0.00155682692853985,1.2517716507077283,1.0376824036242542
2025-08-08,8.052503018141092,B,0,50,50,0.0077976708139688,0.0082783822926784,0.0088718951480655,0.0280544595433132,0.01846317734568935,1.2748833326910514,1.045773909417164
2025-08-11,7.791040763327757,B,0,50,50,-0.0019775396473949,-0.0004429238816484,-0.0058482839774565,-0.0184435678409341,-0.0121459259091953,1.2593986941893178,1.0437058500490806
2025-08-12,8.883799419457224,B,0,50,50,0.0106460176622822,0.0228357644599901,0.0155481346272028,0.0439075674376381,0.02972785103242045,1.2968379109606025,1.0548171609629304
2025-08-13,9.194641665706364,B,0,50,50,0.0034230516829947,0.0039320942311229,0.0017278313531146,0.0016530981319857,0.0016904647425501499,1.299030169725884,1.0584278546210164
2025-08-14,9.14408262175471,B,0,50,50,9.315635788809118e-05,0.0021242221888044,-0.0039870516698695,-0.0061428368968968,-0.00506494428338315,1.2924506542937886,1.0585264539050403
2025-08-15,8.82924268103381,B,0,50,50,-0.0023412898567806,-0.020767085763974,-0.0062742680694201,-0.0239852285275595,-0.0151297482984898,1.2728962012061051,1.0560481366553784
2025-08-18,8.748109687714967,B,0,50,50,-0.0002176314371911,0.004092647109986,0.0028998764180674,0.0051039053400383,0.004001890879052851,1.277990192903693,1.0558183073816552
2025-08-19,8.105102688896428,B,0,50,50,-0.0054251300666776,-0.020177813819757,-0.0189009210229673,-0.0521910530233824,-0.03554598702317485,1.2325627700909936,1.0500903557373304
2025-08-20,7.764965672736775,B,0,50,50,-0.0026569874257286,-0.0065665347213429,-0.0071428215852028,-0.0205377749568406,-0.0138402982710217,1.2155037337151775,1.0473002788662575
2025-08-21,7.272021548466732,B,0,50,50,-0.0040119183617876,-0.0051910793949108,-0.0026466149472503,-0.0112439315959433,-0.006945273271596801,1.2070617281218794,1.0430985956471688
2025-08-22,8.851149271029788,B,0,50,50,0.0153566928516155,0.0214987428476498,0.0177251534729263,0.0402622752618375,0.0289937143673819,1.2420589310908436,1.059117140394474
2025-08-25,8.30572095863943,B,0,50,50,-0.004400871742317,0.0009535923597516,-0.0024346221779694,-0.007189243520411,-0.0048119328491902005,1.2360822269196976,1.0544561016995084
2025-08-26,8.696471643997663,B,0,50,50,0.0041868443355399,0.0096283876676648,0.0051265903876562,0.0135898889468328,0.0093582396672445,1.2476497806476334,1.0588709452559846
2025-08-27,8.893148830643778,B,0,50,50,0.0022786089065434,0.0030665147748427,0.0070255344982765,0.0143864210938584,0.01070597779606745,1.2610070914965155,1.061283698022725
2025-08-28,9.229753179354311,B,0,50,50,0.0035413627321427,0.0040986409477195,0.0099156031522367,0.0237336807508325,0.0168246419515346,1.2822230843092903,1.0650420885591332
2025-08-29,8.535529540285063,B,0,50,50,-0.0059636816039791,-0.0287405308849858,-0.0153276447663035,-0.0458015623256725,-0.030564603545988,1.243032444079863,1.0586905166481295
2025-09-02,7.693647415056732,B,0,50,50,-0.0074102955558742,-0.0131248248787768,-0.0103440811889715,-0.0304197099332638,-0.02038189556111765,1.2176970866255463,1.0508453070175656
2025-09-03,8.23466140047264,B,0,50,50,0.0054195597134076,-0.0001746051455302,0.0044794507062919,0.0160945385524204,0.01028699462935615,1.230223530015846,1.0565404259085016
2025-09-04,9.091598775618298,B,0,50,50,0.0083573604418145,0.0119749388240886,0.0066964583566591,0.0144360710940669,0.010566264725363,1.243222397505364,1.0653703150691671
2025-09-05,8.726408080001184,B,0,50,50,-0.0028961484885351,0.0117989128144619,0.0017919735840585,0.0020752644198001,0.0019336190019293,1.2456263159568044,1.0622848444414494
2025-09-08,8.935791465346378,B,0,50,50,0.0024565419087134,0.0110473593504396,0.0087724471170329,0.0220907640330394,0.01543160557503615,1.2648483299585351,1.0648943916808111
2025-09-09,9.13067018968712,B,0,50,50,0.0023119206976098,0.0043505071685807,0.0011774222955573,0.0061752312893208,0.00367632679243905,1.2694983257623336,1.0673563430657067
2025-09-10,9.389327982956468,B,0,50,50,0.0028908542790047,0.0101406536163777,0.0130074704198996,0.053222138124904,0.0331148042724018,1.311537514344095,1.070441914717281
2025-09-11,10.236314872637813,A,25,75,0,0.0083102647317856,0.0103048544019299,0.0053710561124282,0.007101844350315,0.0062364502313716,1.319716852778879,1.079337570408581
2025-09-12,10.140591715825297,A,25,75,0,-0.000334706509845,0.0012833032089629,0.0011130772693368,0.0002712075779667,0.001155633754243325,1.321241962119994,1.078976309097445
2025-09-15,10.666343600445993,A,25,75,0,0.005323952420932,0.0093651299171735,0.0098114365469352,0.026211115513077,0.009699859889494775,1.3340578240326793,1.0847207276303925
2025-09-16,10.456202464871598,A,25,75,0,-0.0013767927852816,0.0001301558431852,-0.0033855243050157,-0.0104808793773389,-0.002506604267965475,1.3307138689972462,1.0832272919585455
2025-09-17,10.264963020277804,A,25,75,0,-0.0012425285544682,-0.0063799950395753,-0.0036870438280994,-0.0079216019745107,-0.004360281630968375,1.3249115817581827,1.0818813511173078
2025-09-18,10.721436368771489,A,25,75,0,0.0046726323345223,0.038394789901724,0.0177547499141363,0.0477301152123048,0.022914759911033228,1.3552716125575188,1.0869365849006551
2025-09-19,10.905494287285594,A,25,75,0,0.0049527813713408,-0.0039751773546238,0.0093420669604578,0.029457090071935,0.0060127558816874,1.363420529917208,1.0923199441701799
2025-09-22,11.3713784466587,A,25,75,0,0.004731100453688,0.0204618497163073,0.0161636356201084,0.0452503738197023,0.017238189144158124,1.3869234308949492,1.097487819553616
2025-09-23,10.71029484966767,A,25,75,0,-0.0054435663888288,-0.0014588393138809,-0.0102768211691166,-0.0270571703135023,-0.008072325705307673,1.3757277332324422,1.0915135717469449
2025-09-24,10.308860633267352,A,25,75,0,-0.0031816334526136,-0.0018340876717506,-0.0073749141694872,-0.0162767558199914,-0.005989707545053051,1.3674875264487611,1.088040775653093
2025-09-25,9.75289495541248,A,25,75,0,-0.004613497488472,-0.000155679592903,-0.0030173153233954,-0.0073168980864286,-0.0023019063907722998,1.3643396981723273,1.0830211022672624
2025-09-26,10.331983955609626,A,25,75,0,0.0057291443669942,0.0023672131397634,0.0025378793538222,0.008040886587417,0.0024952128003075,1.3677440160511745,1.089225886514653
2025-09-29,10.58767563463835,A,25,75,0,0.0028103664411398,0.0026100843675835,0.0060375715089415,0.0144578066310332,0.005180699723602001,1.374829887097089,1.0922870103929345
2025-09-30,10.945661443452966,A,25,75,0,0.0037668667591119,0.0114671304688387,0.0046692618532022,0.0186748014893902,0.006368729007111325,1.3835858060788877,1.0964015100237934
2025-10-01,11.26720206073086,A,25,75,0,0.0034074772846366,0.022459919532809,0.0078887960239497,0.0279809757862612,0.011531576901164525,1.3995407322010462,1.1001374732640408
2025-10-02,11.335237692390836,A,25,75,0,0.0011518035371929,0.0136354178860369,0.0072689387034148,0.0168166490969638,0.008860558499070324,1.4119414447305454,1.1014046154971449
2025-10-03,11.273418310676147,A,25,75,0,-1.476736222161268e-05,-0.0046121537128742,-0.0030607336110395,-0.0168461802437736,-0.003448588636498175,1.4070722395088469,1.1013883506562352
2025-10-06,11.612326225832248,A,25,75,0,0.0035862289103361,0.0199002410232742,0.0086148671753578,0.0300445148835075,0.0114362106373369,1.4231638140218195,1.105338181400866
2025-10-07,11.138654564666814,A,25,75,0,-0.0037074922509618,-0.0184343851055004,-0.0091710425229069,-0.0200531254909596,-0.011486878168555276,1.4068161046762544,1.10124014865863
2025-10-08,11.720816115036888,A,25,75,0,0.0059630524127922,0.0267616513603983,0.0169890585684582,0.0504612513458968,0.019432206766443222,1.4341536461046855,1.1078069013841527
2025-10-09,11.318578991856896,A,25,75,0,-0.0028970083792374,-0.0024851289438175,-0.0004947669220162,-0.0030991144831211,-0.000992357427466525,1.4327304530818454,1.1045975755082658
2025-10-10,8.25434268511532,A,25,75,0,-0.0270278278990896,-0.0575591269542861,-0.0407872863304469,-0.1199852730831059,-0.044980246486406694,1.368285884153643,1.0747427023396767
2025-10-13,9.853164793596596,A,25,75,0,0.0153440746932087,0.0442921083751925,0.0260208974204032,0.0688871923503431,0.030588700159100524,1.4101399707959485,1.0912336346403577
2025-10-14,9.663611131853465,A,25,75,0,-0.0012216548034567,-0.0183958147458092,-0.0127731438298043,-0.0379288690439133,-0.014178811558805526,1.3901458618784932,1.089900523828906
2025-10-15,10.092283896826071,A,25,75,0,0.004439523175783,0.0248275463249811,0.0092915188199014,0.0277277875059334,0.013175525696171326,1.4084617644030997,1.0947391624637424
2025-10-16,9.283174850915085,A,25,75,0,-0.0068102611539839,0.0044472282165577,-0.0032148786752772,0.0031834993514112,-0.0012993519523184752,1.4066316768597567,1.0872837028718707
2025-10-17,9.83430449441362,A,25,75,0,0.0056763938002961,-0.001369048378066,0.002412190683861,0.0035699990305422,0.00146688091837925,1.4086950380257302,1.0934555533420156
2025-10-20,10.898515501465852,A,25,75,0,0.0104004753996216,0.0128052436082273,0.0133217217930234,0.0331225004676098,0.013192602246824375,1.4272793913494786,1.104828010925129
2025-10-21,10.8175467668158,A,25,75,0,-1.4904481475785936e-05,-0.0055296880416616,-0.0010102759264968,0.0025250999717936,-0.002140128955288,1.4242248293967656,1.1048115440365063
2025-10-22,10.172438189432862,A,25,75,0,-0.005198906927441,-0.0194033666876719,-0.011820213614331,-0.0306823642315895,-0.013716001882666227,1.4046901589554197,1.0990677316466981
2025-10-23,10.755955199583656,A,25,75,0,0.0059298911904996,0.0183106545007298,0.0130913191285004,0.0357479930404274,0.01439615297155775,1.4249122933613836,1.1055850837063523
2025-10-24,11.579598084410389,A,25,75,0,0.0081725711046307,0.0183875875748966,0.0155852606663591,0.0470578488853927,0.016285842393493476,1.4481181903956184,1.1146205564151617
2025-10-27,12.807002776771837,A,25,75,0,0.0117977120231489,0.0250611461697498,0.0179165811112833,0.0553983338187844,0.019702722375899925,1.4766500610684739,1.1277705287548299
2025-10-28,13.007489697635569,A,25,75,0,0.002655998956591,0.0088069938853172,0.0103172301857645,0.0292377623821955,0.009939671110652675,1.4913274770210199,1.1307658861024767
2025-10-29,12.963295887404689,A,25,75,0,0.0004803870398957,0.0151469293882382,0.0067575197803644,0.0206536478301715,0.00885487218233285,1.504532991212042,1.1313090913793167
2025-10-30,11.631351214540382,A,25,75,0,-0.0109981439370768,-0.0132388572681418,-0.0131873949555465,-0.0350360017374102,-0.013200260533695324,1.4846727637465031,1.1188667911550034
2025-10-31,11.915489540188757,A,25,75,0,0.0032800997320787,-0.0019520719787196,0.0028573321941738,0.0014931045925439,0.0016549811509504503,1.4871298691858332,1.1225367858169029
2025-11-03,12.041230822443644,A,25,75,0,0.0018767772528909,0.0084844340028367,0.0034543126669568,0.0113166886902174,0.0047118430009267746,1.4941369916514256,1.1246435373220574
2025-11-04,10.642697443899502,A,25,75,0,-0.0118535399424475,-0.0364381156424706,-0.0270117899093252,-0.0782632873875541,-0.029368371342611548,1.4502566216438741,1.1113125302313949
2025-11-05,10.958374269694977,A,25,75,0,0.0034653891969962,0.0191064534515208,0.0041448171503379,0.0105408178421295,0.007885226225633625,1.4616922231907594,1.1151636606681452
2025-11-06,9.710484798525588,A,25,75,0,-0.010729333212666,-0.0233935975945954,-0.0196228955540463,-0.0583410753382102,-0.020565571064183576,1.4316316879007653,1.1031986981661803
2025-11-07,9.76351219227812,A,25,75,0,0.0009845075813768,-0.0084593625976352,-0.0013509243362842,-0.0135981680831218,-0.00312803390162195,1.4271534954463754,1.10428480564829
2025-11-10,11.409346469415354,A,25,75,0,0.0156043433079944,0.030650348422925,0.0249548968932415,0.0765953582665028,0.026378759775662376,1.4648000346657521,1.1215164448654278
2025-11-11,11.588106261444366,A,25,75,0,0.0022892399865568,-0.0215725418720001,-0.0090597056042409,-0.0256096142975587,-0.012187914671180699,1.4469471768329034,1.1240838651565948
2025-11-12,11.578311943081657,A,25,75,0,0.0005564884786124,0.0127616911898331,0.0011249818981839,0.0084902476900832,0.004034159221096199,1.4527843921287629,1.1247094048765485
2025-11-13,9.663903935215217,A,25,75,0,-0.0165940199802265,-0.0301239836612587,-0.0281721029329869,-0.0770131521640731,-0.02866007311505485,1.4111474852299422,1.1060459545400785
2025-11-14,9.586148969810068,A,25,75,0,-0.0001637687603371,0.0004640442087557,0.0051837269327728,0.0180837428896802,0.004003806251768525,1.4167974463534732,1.1058648187652276
2025-11-17,8.508696655051772,A,25,75,0,-0.0093164334292445,-0.0135661322325196,-0.0166080503039672,-0.0489249006725585,-0.0158475707861053,1.3943446485328133,1.0955621027994578
2025-11-18,7.542879144814214,A,25,75,0,-0.0083975527701006,-0.0205993688581513,-0.01493883075419,-0.0489023969316977,-0.016353965280180325,1.3715415845621024,1.086362062228277
2025-11-19,7.90484535631221,A,25,75,0,0.0038632001428369,0.0184523902466802,0.006797803397424,0.0206701209347921,0.009711450109738048,1.384861242234008,1.09055889630225
2025-11-20,6.218351353067449,A,25,75,0,-0.0152422454597995,-0.042246092897466,-0.0296514159431534,-0.0942537345367838,-0.03280008518173155,1.339437675523854,1.073936329916443
2025-11-21,7.230414130410104,A,25,75,0,0.0099612229766328,0.0031683175402397,0.0044571104914246,0.0102479259375953,0.004134912253628375,1.344976132781349,1.0846340491614475
2025-11-24,8.748562257752686,A,25,75,0,0.0147185070621804,0.0398306506259598,0.0251221421435337,0.0735890245232895,0.028799269264140226,1.3837104625831609,1.1005982430739116
2025-11-25,9.708851024517717,A,25,75,0,0.0094059914420558,0.0026245250191057,0.0030667031165478,0.0057550183124039,0.0029561585921872753,1.3878009301562255,1.1109504607294065
2025-11-26,10.399501007778351,A,25,75,0,0.0069034834506269,0.0226463074085199,0.010443496122162,0.0350158136849305,0.013494198943751475,1.406528192002077,1.1186198888495185
2025-11-28,10.930014951602123,A,25,75,0,0.0054584063386149,0.0131432035693703,0.0070556649780824,0.0240119034443353,0.008577549625904375,1.4185927573692083,1.1247257707413154
2025-12-01,10.36038466870934,A,25,75,0,-0.0045655054234295,0.0019302721029321,-0.0004121551706894,0.0019338780692395,0.00017345164771597502,1.4188388146204118,1.119590829135125
2025-12-02,10.500413305012792,A,25,75,0,0.001852299674079,0.0183306610099622,0.0104004515484641,0.0301591989828053,0.012383003913838626,1.4364083012149624,1.121664646863034
2025-12-03,10.818008796023324,A,25,75,0,0.0034627677932603,0.0137440010738192,0.0018559670096107,0.0064799101626791,0.004827975525662825,1.4433432453380872,1.1255487110770301
2025-12-04,10.834858909320682,A,25,75,0,0.0007310561539983,-0.0076021790123871,0.0046379111408143,0.0100062574906418,0.0015778886025139504,1.4456206801944218,1.126371550388888
2025-12-05,10.977712491769877,A,25,75,0,0.0018995368427094,0.0077987469516567,0.0043417513922208,0.0214268724163229,0.005206000282079775,1.4531465818632943,1.1285111346474315
2025-12-08,10.5694219593349,A,25,75,0,-0.0030042775146746,0.0113329884711994,0.0087373901076803,0.0211277801039218,0.009386289698560075,1.4667862366551356,1.1251207740205502
2025-12-09,10.39736484082118,A,25,75,0,-0.0008630551776172,0.0012210128841778,0.0021686642736542,0.0075841456714242,0.0019317514262850999,1.4696197030598495,1.1241497327110872
2025-12-10,11.045783559897512,A,25,75,0,0.0066321775460889,0.0138211871110434,0.0036064876127233,0.0158227281400826,0.006160162487303325,1.4786727992252406,1.1316052933268155
2025-12-11,11.219197920619926,A,25,75,0,0.0023269481305272,-0.0085805930436143,-0.0036191956542335,-0.016508727422588,-0.0048595450015787005,1.4714871222147952,1.134238480148617
2025-12-12,9.937575417338492,A,25,75,0,-0.0107519689275339,-0.045215579055971,-0.0288662732253386,-0.0885918227224575,-0.0329535996829967,1.4229963246506439,1.1220431832536457
2025-12-15,9.694928724992046,A,25,75,0,-0.0015108877827512,-0.0034451637777591,-0.0111681212319151,-0.0270293679237277,-0.0092373818683761,1.4098515642025502,1.1203479019163485
2025-12-16,9.311446673519445,A,25,75,0,-0.0027322975952787,-0.0027203432490249,0.0015693988070435,0.0041188500203941,0.0004969632930263999,1.410552208678575,1.1172867780380669
2025-12-17,8.026410918604943,A,25,75,0,-0.0110036201020413,-0.0360857217139993,-0.0207836975369067,-0.0665037518707361,-0.02460920358117985,1.375839642213321,1.1049925787875023
2025-12-18,8.760421052879487,A,25,75,0,0.0075513325776148,0.0236116477800314,0.0139646315325268,0.0454375151157644,0.01637638559440295,1.3983709227102719,1.113336745245723
2025-12-19,9.32801661356392,A,25,75,0,0.0090634454794518,0.0258603423032546,0.020145248400041,0.0636738089489299,0.0215740218758444,1.428539407587368,1.123427412136528
2025-12-22,9.912970066958524,A,25,75,0,0.0062298922783201,0.0128828221246919,0.0069355175744416,0.0167310977213925,0.008422343712004175,1.4405710574842117,1.1304262438966506
2025-12-23,10.302573885647648,A,25,75,0,0.0045704548184328,0.0096191029681886,0.0055863162517237,0.0149673509318515,0.006594512930839925,1.4500709219505852,1.135592805969951
2025-12-24,10.571389717697022,A,25,75,0,0.0035176203055324,0.0027811701603701,0.0016861755250181,0.0079028576307069,0.0019599241838561,1.4529129510188228,1.1395873902830473
2025-12-26,10.44392706259773,A,25,75,0,-0.0001014150322431,0.0046406125202933,0.0011092022004173,0.0023442479061144,0.0019920547803863,1.455807233208385,1.139471818991118
2025-12-29,9.930367530176476,A,25,75,0,-0.0035636282070548,-0.0045099053259373,-0.0053052421660589,-0.0130645887497081,-0.0051064079560285,1.4483732875702857,1.1354111650758172
2025-12-30,9.687265538440618,A,25,75,0,-0.0012211007345822,-0.0024710851365958,-0.0028959988137373,-0.0098054842361599,-0.002789770394451925,1.4443326586525072,1.1340247136680903
2025-12-31,8.774937579692518,A,25,75,0,-0.0074089673733906,-0.0087528355871032,-0.0093442987323378,-0.0304505856230922,-0.00919643294602915,1.4310499502054495,1.125622761563905
2026-01-02,8.86826646283015,A,25,75,0,0.0018330397334518,0.0365700795034886,0.0029185124194837,0.0057026770761676,0.011331404190484926,1.4472657556080006,1.1276860728107294
2026-01-05,9.488139959631924,A,25,75,0,0.0066601138160631,0.0114921207747296,0.0019048561182621,0.0071089819170258,0.004301672282378975,1.4534914185941359,1.135196590404438
2026-01-06,10.028653031446051,A,25,75,0,0.0059471833730893,0.0265632004994151,0.0119748171325198,0.0415126071885887,0.015621912974243625,1.4761977350442235,1.141947812692079
2026-01-07,9.564553525505548,A,25,75,0,-0.0032233567922274,-0.0067076160576534,-0.0005088030175852,-0.0032273959346137,-0.00205850627760225,1.4731589727396526,1.1382669074536689
2026-01-08,9.453060794863283,A,25,75,0,-0.0001015326819857,-0.0156874401321778,-0.0147369589640814,-0.0463007675733949,-0.0149745792561055,1.4510990369455197,1.1381513361617397
2026-01-09,10.073292359877398,A,25,75,0,0.0066133423940926,0.0270198689575329,0.0094726680440382,0.038957732926047,0.013859468272411874,1.4712104980081935,1.1456783206440713
2026-01-12,10.135614342289438,A,25,75,0,0.0015704538117717,0.0036997133674785,0.0046589729170638,0.0127440607777638,0.0044191580296674745,1.4777120096937975,1.1474775555297911
2026-01-13,9.805201992280155,A,25,75,0,-0.0019994751058702,0.0022269879410024,-0.0014369757550647,-0.0062112321660724,-0.0005209848310479251,1.4769421441520896,1.1451832027229645
2026-01-14,9.149135250487872,A,25,75,0,-0.0049152373416185,-0.0081219643084712,-0.011943806321545,-0.0379870265128502,-0.01098834581827655,1.4607129931185596,1.1395543554819463
2026-01-15,9.331551700665557,A,25,75,0,0.0027232143965294,0.020754467444106,0.0053886788801857,0.0155248249047799,0.009230126021165776,1.4741955581257982,1.1426576063084226
2026-01-16,9.127319529613304,A,25,75,0,-0.0008378739908954,0.0100401376089402,-0.0005267024292198,0.0028248800883869,0.0021150075803202,1.4773134929061087,1.141700203219598
2026-01-20,6.810575725126632,A,25,75,0,-0.020356785723545,-0.0249756478287314,-0.0266948452565843,-0.0786247099994077,-0.026265045899621073,1.4385117862068002,1.1184588568221288
2026-01-21,7.916804909439981,A,25,75,0,0.0115410792020944,0.0295601260133049,0.0134156561452452,0.0419027645106815,0.017451773612260125,1.4636163682382493,1.131367079072997
2026-01-22,8.323815613554487,A,25,75,0,0.0052232300197276,0.0022143524112554,0.0075474654810414,0.0219211393724534,0.0062141872135949,1.4727115543593634,1.1372764695637427
2026-01-23,8.205883437628943,A,25,75,0,0.0003627802397405,-0.0067772477451221,0.0009810609310041,0.0037158504768961,-0.0009585162380274499,1.4712999364205792,1.1376890509940223
2026-01-26,8.58808534546694,A,25,75,0,0.0050781470606098,-0.0031742583551109,0.0072054421372333,0.020025264129813,0.004610517014147249,1.47808338981036,1.1434664033042157
2026-01-27,8.895375637731393,A,25,75,0,0.0039842647296846,0.0211373364449294,0.0124534517140399,0.0403365251647314,0.014624422896762274,1.4996995063796266,1.14802227616448
2026-01-28,8.73898122781382,A,25,75,0,-0.0001006699036498,0.0230325472874461,0.0068580587070394,0.0228353744647269,0.010901680852141075,1.516048751772291,1.1479067048725509
2026-01-29,8.387529094792681,A,25,75,0,-0.0019843824489698,0.0021361498702181,-0.0185505889326069,-0.0486821132274404,-0.01337890423190065,1.4957656807114368,1.145628818954347
2026-01-30,7.935434871492516,A,25,75,0,-0.0029825802604032,-0.0336750285700293,-0.0169295668278883,-0.0594035386582613,-0.02111593226342355,1.4641811939155804,1.1422118890531847
2026-02-02,8.338683291779043,A,25,75,0,0.0049713621309355,0.0111783320803622,0.0068590525679885,0.0268560869924241,0.007938872446081924,1.475805141652028,1.147890237983928
2026-02-03,7.285692900158454,A,25,75,0,-0.0084553964307005,-0.0252224636961853,-0.022056918053302,-0.0643718674076367,-0.022848304464022827,1.442085496445992,1.1381843709628428
2026-02-04,6.633461367426857,A,25,75,0,-0.0048439216788971,-0.0393784046231276,-0.0199473123674066,-0.083678981871504,-0.02480508543133685,1.4063144425073573,1.132671095013754
2026-02-05,5.167887752523808,A,25,75,0,-0.0124892112562017,-0.0024867329374723,-0.0183165448673278,-0.0542216205547796,-0.014359091884863926,1.386121044208383,1.1185249264243338
2026-02-06,7.049797874444984,A,25,75,0,0.0191847118409513,0.0540057894263925,0.043766563724696,0.1184059141370017,0.04632637015012012,1.4503350007752516,1.139983504824706
2026-02-09,7.433969591533747,A,25,75,0,0.0048218321030104,0.0124486495107196,0.0161316386925356,0.0474462782364863,0.015210891397081597,1.4723958889614301,1.1454803138851721
2026-02-10,7.030167283203569,A,25,75,0,-0.0026371604320808,-0.0046476925100864,-0.0042848786979549,-0.0162535693300344,-0.0043755821509877755,1.4659532997905027,1.1424594985256666
2026-02-11,6.888632325348082,A,25,75,0,-0.0002310588144163,0.0247553828736042,0.0007083600448352,0.0077645371911476,0.0067201157520274495,1.4758046756521614,1.1421955231884187
2026-02-12,5.13142307595859,A,25,75,0,-0.0154488742279012,-0.0209026796211252,-0.0255616521608006,-0.0791077528163693,-0.02439690902588175,1.4397996032403046,1.124549888207009
2026-02-13,5.102152592059511,A,25,75,0,0.0007044854938154,0.0039644823501368,0.0015898500143234,0.0075883265773473,0.00218350809827675,1.4429434173338755,1.1253421172903226
2026-02-17,5.167714771361507,A,25,75,0,0.001613466470725,-0.0005150383950981,0.0003831621672214,-0.0036690219771127,0.00015861202664152504,1.4431722855136278,1.1271578190646652
2026-02-18,5.593584167567693,A,25,75,0,0.005037758541617,0.012367740439658,0.0092466087716964,0.0306231129922058,0.0100268916886868,1.4576428177085874,1.1328361679954086
2026-02-19,5.219805242470697,A,25,75,0,-0.0026374339404172,-0.0056962202289939,-0.004323456592408,-0.0148566370290862,-0.0046666475015544745,1.4508405124951689,1.1298483874370056
2026-02-20,5.878259570788321,A,25,75,0,0.0072318645891229,0.0117747109422996,0.0040154670581502,0.0145079936627763,0.0059552780291875496,1.4594806711230865,1.138019297981189
2026-02-23,4.697745622865476,A,50,50,0,-0.0102113147108746,-0.0051803337175819,-0.0145742878234846,-0.0505221965416358,-0.012225799297008925,1.4416373533600717,1.1263986247824544
2026-02-24,5.356743519112248,A,25,75,0,0.007268452930395,0.0152102274390335,0.0143771073177698,0.037356379903634,0.01479366737840165,1.4629644568459599,1.1345858001675475
2026-02-25,6.141575790393524,A,25,75,0,0.0084383489435813,0.0167000666543624,0.0189340219557223,0.0566434222002223,0.018375533130382322,1.4898472086913046,1.1441598310557937
2026-02-26,5.451131856543034,A,25,75,0,-0.005554476391621,-0.0332034770388811,-0.0147352824877182,-0.041493402067493,-0.019352331125508923,1.4610151921822954,1.1378046222859532
2026-02-27,4.862141825149744,A,50,50,0,-0.0048019432585273,-0.0136890233604903,-0.0182250804994502,-0.0487597723576321,-0.017091066214710227,1.4360448847920102,1.132340949050446
2026-03-02,4.841997016121248,A,50,50,0,0.0005685787823312,4.926429483109729e-05,0.0098940733257282,0.0168550216580096,0.004971668810279648,1.4431844243558922,1.132984774088441
2026-03-03,3.844332519461028,A,50,50,0,-0.0088143384827956,-0.0377224255943038,-0.013912173157757,-0.0430967505170601,-0.0258172993760304,1.405925300017472,1.1229982627937718
2026-03-04,4.501490247348534,A,50,50,0,0.0070553083530846,0.0205595269143252,0.0130582567715202,0.0499286981917885,0.0168088918429227,1.4295573463246944,1.1309213618177603
2026-03-05,3.8498411438119655,A,50,50,0,-0.0055755468463938,-0.0093961411742683,0.000191013880342,0.0054347407133319,-0.00460256364696315,1.4229777176512515,1.124615856785358
2026-03-06,2.428148756932932,A,50,50,0,-0.0131071350708364,-0.0374099110069303,-0.0194198686488765,-0.0611968500988131,-0.0284148898279034,1.3825439625766298,1.1098753648476678
2026-03-09,3.2582311902803696,A,50,50,0,0.008760025013039,0.0362886211036079,0.0178572976305777,0.0533620587095489,0.0270729593670928,1.4199735190986864,1.1195979008050891
2026-03-10,3.018325772725949,A,50,50,0,-0.0016071269053671,0.0075056203355394,0.0001639603606626,-0.0011712461638724,0.003834790348101,1.4254188198442852,1.1177985648955127
2026-03-11,2.816100818686974,A,50,50,0,-0.0012551629285171,0.0093121896964056,0.0041667817845862,0.0151470267626108,0.006739485740495901,1.4350254096548603,1.116395545575306
2026-03-12,1.1879700893043097,A,50,50,0,-0.0151849488693635,-0.0321671544167541,-0.0195636234206557,-0.0558335876010483,-0.0258653889187049,1.3979079193259134,1.09944313629776
2026-03-13,0.5608868835737193,A,50,50,0,-0.0056601095010063,-0.0020612122239517,-0.0086309226317421,-0.0234503103899632,-0.0053460674278469,1.3904346093312758,1.0932201677561848
2026-03-16,1.5216223924331698,A,50,50,0,0.0101768661114831,0.0170139857070921,0.0147108211085236,0.0436416709048987,0.01586240340780785,1.4124902440166662,1.1043457230338127
2026-03-17,1.726368115352725,A,50,50,0,0.0026305548699752,0.0075141941363208,0.0033796180879857,0.015206183971927,0.00544690611215325,1.4201839457601573,1.1072507650536756
2026-03-18,0.2521488121883904,A,50,50,0,-0.0139536453871201,-0.0080880654494699,-0.0103795387383113,-0.0329129799571247,-0.0092338020938906,1.4070702482680875,1.0918005805234992
2026-03-19,-0.0457295450021621,A,50,50,0,-0.0024643404851918,0.0031752481961124,0.0025977412230111,0.0093743744943424,0.00288649470956175,1.411131749095695,1.0891100121511592
2026-03-20,-1.786020663056873,A,50,50,0,-0.0143357758725042,-0.0257774304852296,-0.0229867308704935,-0.0680395412172695,-0.024382080677861552,1.3767254209421518,1.07349677511646
2026-03-23,-0.7994251899297999,A,50,50,0,0.0105000192449378,0.0172064128638012,0.0160112095710092,0.0398613155449425,0.0166088112174052,1.3995911935567826,1.0847685119145614
2026-03-24,-1.1773982345076135,A,50,50,0,-0.0033568497522664,0.0082532990270494,-0.0052760468836016,-0.0197815951757802,0.0014886260717238997,1.4016746614972666,1.0811271070040747
2026-03-25,-0.6700246974112531,A,50,50,0,0.0055727589473859,0.0112268245948836,0.0064053903669225,0.0142552801903257,0.00881610748090305,1.414031975966285,1.0871519677628931
2026-03-26,-2.477419136269704,A,50,50,0,-0.0178587441581387,-0.0455616088826024,-0.0285013026813264,-0.0935598753049277,-0.0370314557819644,1.3616683133740057,1.0677367989095985
2026-03-27,-4.16282701586357,A,50,50,0,-0.0170518835233279,-0.0173038451876357,-0.0216079226799138,-0.0578569787773581,-0.019455883933774752,1.3351758527127022,1.0495298753810212
2026-03-30,-4.505344975566,A,50,50,0,-0.0033434623831846,-0.0313159685255928,-0.0180616560836545,-0.0579710307891335,-0.02468881230462365,1.3022119466914126,1.0460208117226564
2026-03-31,-1.764092710802865,A,50,50,0,0.0290679256989148,0.0575676362989558,0.0433975743477466,0.1284225097187747,0.0504826053233512,1.367950998443588,1.0764264669573291
2026-04-01,-1.0674549561336084,A,50,50,0,0.00753446378289,0.0223526537836424,0.0127989079944756,0.0437896378104845,0.017575780889059,1.391993805459202,1.0845367631875633
2026-04-02,-1.0180849678016983,A,50,50,0,0.0009004744280911,0.0008929410475944,0.0084907659983102,0.0226920869477387,0.0046918535229523,1.3985248364992735,1.0855133608091385
2026-04-06,-0.5962755417898283,A,50,50,0,0.004726797348638,0.0093291282467904,0.0050093961506529,0.0152614316638619,0.007169262198721649,1.408551227743561,1.0906443624849222
2026-04-07,-0.5988509547406609,A,50,50,0,0.0004400741058487,0.0098994464402184,0.003113626532526,0.0141790422003107,0.0065065364863722,1.4177160176997987,1.091124326827542
2026-04-08,1.8700810343472123,A,50,50,0,0.0254695546383276,0.0575644408166928,0.028742380162916,0.0940818336596256,0.0431534104898044,1.478895298969569,1.1189147774868844
2026-04-09,2.396242372746638,A,50,50,0,0.0057690911710883,0.0174737158238602,0.0014207128437428,0.0069177671794418,0.0094472143338015,1.4928667398361861,1.1253698988508842
2026-04-10,2.272505818368887,A,50,50,0,-0.0006617805145495,0.015268079666971,0.0042288789834066,0.0109732238835567,0.0097484793251888,1.5074199203847412,1.1246251509801641
2026-04-13,3.2106045902978546,A,50,50,0,0.0097723977843517,0.0147866493839903,0.0201538853168443,0.0634261577561527,0.0174702673504173,1.5337549494032072,1.135615435313829
2026-04-14,4.403357673449374,A,50,50,0,0.0121848807523701,0.0195335492706349,0.0155355262179259,0.0467738027700925,0.0175345377442804,1.5606486334539946,1.1494527739736788
2026-04-15,5.159989979747308,A,25,75,0,0.0078909948670389,0.002212389380531,0.01815495546052,0.0479904690143344,0.010183672420525501,1.5765417679006308,1.1585230999130087
2026-04-16,5.352072580313221,A,25,75,0,0.0024573116226043,0.0039734829866859,0.0101017610684117,0.0351133011396747,0.00856969154798025,1.5900522445640468,1.1613699521914806
2026-04-17,6.551340177825778,A,25,75,0,0.012085685130224,0.0205805103789964,0.0172235454786824,0.0436142076330676,0.0180627867037609,1.6187730191054432,1.1754059037533702
2026-04-20,6.26790090936305,A,25,75,0,-0.0019996675529057,-0.0004309121972018,0.0044067475826834,0.0049429926767643,0.0031973326377120995,1.623948774912477,1.1730554827061408
2026-04-21,5.5098850105995325,A,25,75,0,-0.0065469491549362,0.0015087770926882,-0.0011988577020101,0.0020868538781526,-0.0005219490033355251,1.6231011564679434,1.1653755481049446
2026-04-22,6.506106544703878,A,25,75,0,0.0101266968380706,0.0261911565752193,0.0198970718968878,0.066339414870975,0.021470593066470672,1.6579501009041846,1.1771769529831038
2026-04-23,6.022838406608605,A,25,75,0,-0.0038807239498251,0.0105279023396511,-0.0141706211954846,-0.0433812317539454,-0.007995990311700675,1.6446931479600715,1.1726086541884801
2026-04-24,6.77263124894028,A,25,75,0,0.0077492979600242,0.0510324707407141,0.0254996945462937,0.0844998252292434,0.0318828885948988,1.6971307163692757,1.1816955480402898
2026-04-27,6.885166365315691,A,25,75,0,0.001722806488702,-0.0003554076986682,0.001536060167911,0.0045041893710608,0.0010631932012662001,1.6989350942085795,1.1837313807981238
2026-04-28,6.295113507514337,A,25,75,0,-0.0048659487281461,-0.0297278434405955,-0.0158167324645877,-0.0494579004163335,-0.019294510208589653,1.6661549736896408,1.1779714045912626
2026-04-29,6.20986459186453,A,25,75,0,-0.0001545410939948,0.0170395457396816,0.0044803651765505,0.0216152034823944,0.007620160317333275,1.6788513417026782,1.1777893596017024
2026-04-30,7.189402011282212,A,25,75,0,0.0099496274272041,0.0142920349900859,0.0004848545824638,0.0079944063027315,0.0039366496843693255,1.6854603913070951,1.1895079249174647
2026-05-01,7.408980042546871,A,25,75,0,0.0027691138283709,0.0061177891065038,0.0161852894359948,0.0437577560210717,0.01366841435362205,1.7084979623120986,1.1928018077613105
2026-05-04,6.943796782884418,A,25,75,0,-0.0036633796697419,-0.0059432716169767,0.0009537289039234,0.0032096831037651,-0.0007705212263016249,1.7071815283670442,1.1884321218687264
2026-05-05,7.724551357589168,A,25,75,0,0.0080221858849922,0.0313739292969408,0.0177227314381804,0.0651649453742304,0.0211355309028705,1.7432637163166556,1.197965945262053
2026-05-06,9.13653421884226,A,25,75,0,0.0138994394450175,0.0517897935636397,0.0257466535236217,0.0790779961402645,0.0322574385336262,1.799496938493641,1.2146170003754162
2026-05-07,8.718866799192861,A,25,75,0,-0.0030661051573263,-0.0175713657015645,-0.0005476228544242,-0.0067602252437566,-0.004803558566209275,1.7908529495598724,1.210892856926389
2026-05-08,9.53229537958969,A,25,75,0,0.0082560730012422,0.0489539041595443,0.0268493373644407,0.1043811506649232,0.0323754790632166,1.8488326717336478,1.220890076749856
2026-05-11,9.696343614437968,A,25,75,0,0.0022775855954315,0.0172450663857273,0.011383838060337,0.0394116772214068,0.012849145141684575,1.8725885910754418,1.2236707584022668
2026-05-12,9.448084473526718,A,25,75,0,-0.0015149399914519,-0.0261317652346688,-0.0124867934725874,-0.0449427225192587,-0.01589803641310775,1.8428181094677545,1.221816970633993
2026-05-13,9.974523587079824,A,25,75,0,0.0055948480367802,0.0199733130915924,0.0102403727981588,0.0285371527009363,0.0126736078715172,1.8661732635656796,1.2286528509134493
2026-05-14,10.750060361658122,A,25,75,0,0.0078942562687227,0.0102714681499511,0.015337201762622,0.0436723351605699,0.014070768359454274,1.8924317552759191,1.238352151383857
2026-05-15,9.333075781456165,A,25,75,0,-0.0120293518927245,-0.0380399055545536,-0.0163209032291565,-0.0520508929869859,-0.021750653810505775,1.8512701273069048,1.223455577587748
2026-05-18,9.170123901788068,A,25,75,0,-0.0007034356211904,-0.0182982586539331,-0.010413911663581,-0.0356318730556387,-0.012384998411169025,1.8283421497215642,1.2225949553535287
2026-05-19,8.353269139193172,A,25,75,0,-0.0066608593822431,-0.0040280344222384,-0.0054401197297181,-0.0194577540847882,-0.005087098402848176,1.8190411932918555,1.214451422274479
2026-05-20,9.374884870684134,A,25,75,0,0.0102490285683103,0.0380541773948885,0.0207138204584218,0.0675557974959173,0.025048909692538476,1.8646061918696304,1.2268983695961955
2026-05-21,9.499084527882712,A,25,75,0,0.0019830970699832,0.0057026031442413,0.0057980850575263,0.0239715661097712,0.00577421457920505,1.8753728281272,1.229331428158109
2026-05-22,9.838206624317912,A,25,75,0,0.0039315543683955,0.0148622990223927,0.0110053468402517,0.0308997675687228,0.01196958488578695,1.897820262385967,1.2341646115046898
